<?xml version="1.0" encoding="UTF-8"?>
<MF0 version="1.1">
    <ModelRefInfoRepo.ModelRefInfoRoot type="ModelRefInfoRepo.ModelRefInfoRoot" uuid="c56bb0a0-0ae0-4144-a5eb-7b1886ee61b5">
        <dataDictionary/>
        <dataTransferInfos>AAFJTQAAAAAOAAAAOAAAAAYAAAAIAAAAAgAAAAAAAAAFAAAACAAAAAAAAAABAAAAAQAAAAAAAAAFAAQAAQAAAAEAAAAAAAAA</dataTransferInfos>
        <hasInlineVariantBlock>false</hasInlineVariantBlock>
        <hasMachineDataAccess>false</hasMachineDataAccess>
        <hasSigObjWithICDrivingRootOutport>false</hasSigObjWithICDrivingRootOutport>
        <needElapsedTime>false</needElapsedTime>
        <userSpecifiedFixedStepSize>0</userSpecifiedFixedStepSize>
        <zeroInternalMemoryAtStartupUnchecked>false</zeroInternalMemoryAtStartupUnchecked>
        <FMUBlockMap type="ModelRefInfoRepo.FMUBlockInfo" uuid="54556a4a-b82a-4ed5-971d-3446667c385c"/>
        <periodicEventPortUnsupportedBlockInfo type="ModelRefInfoRepo.PeriodicEventPortUnsupportedBlockInfo" uuid="df199e5f-11d1-4a20-b18f-544742a2e20f">
            <hasHiddenDeterministicRTB>false</hasHiddenDeterministicRTB>
            <multiRateBlocks>MultiLoop_mode1/TE Plant/yA control/Zero-Order Hold</multiRateBlocks>
            <multiRateBlocks>MultiLoop_mode1/TE Plant/yAC control/Zero-Order Hold</multiRateBlocks>
        </periodicEventPortUnsupportedBlockInfo>
        <simulinkFunctions type="ModelRefInfoRepo.SimulinkFunctions" uuid="f663ae73-0930-452d-bced-4a72e79b7f05">
            <compSimulinkFunctionCatalog>AAFJTQAAAAAOAAAAgAAAAAYAAAAIAAAAAgAAAAAAAAAFAAAACAAAAAEAAAABAAAAAQAAAAAAAAAFAAQADgAAAAEAAAAOAAAAQ29tcEZ1bmN0aW9ucwAAAA4AAAAwAAAABgAAAAgAAAAGAAAAAAAAAAUAAAAIAAAAAAAAAAAAAAABAAAAAAAAAAkAAAAAAAAA</compSimulinkFunctionCatalog>
            <postPropHasAnyExportedFunction>false</postPropHasAnyExportedFunction>
            <postPropHasAnyVariantExportedFunction>false</postPropHasAnyVariantExportedFunction>
        </simulinkFunctions>
    </ModelRefInfoRepo.ModelRefInfoRoot>
</MF0>
